temperature_c,sales
24.0,44.1
24.3,52.8
25.2,57.4
25.2,58.6
27.6,69.0
21.1,44.9
16.8,37.1
15.8,22.0
34.6,99.2
27.3,65.4
18.1,45.2
16.2,32.5
18.8,40.2
24.3,59.2
23.8,60.1
27.8,62.9
25.0,56.5
20.6,40.3
35.0,103.5
29.2,73.1
21.3,48.8
16.4,37.4
30.3,67.5
22.7,59.4
34.2,89.6
19.2,41.3
33.2,69.7
22.9,56.4
16.5,25.6
20.4,37.7
16.7,25.8
30.2,90.1
17.4,35.7
16.2,34.6
30.9,82.3
23.9,63.4
18.8,39.8
27.9,66.1
17.3,31.7
20.4,47.3
34.4,91.8
32.7,79.8
19.2,32.2
27.8,76.2
17.0,38.5
20.2,44.4
30.5,75.2
16.5,37.2
16.8,29.9
27.0,64.2
22.4,37.2
24.7,63.4
26.5,67.3
18.1,35.1
33.2,88.1
18.8,36.0
29.8,79.1
34.0,87.3
32.6,79.3
17.1,30.9
