feature,target
1.3943,3.2823
-4.7499,-12.8172
-2.2497,-6.8824
-2.7679,-8.484
2.3647,4.8362
1.767,4.1292
3.9218,9.2127
-4.1306,-10.9821
-0.7808,-4.1399
-4.702,-12.3995
-2.8136,-7.7561
0.0536,-1.141
-4.7346,-13.1502
-3.0116,-8.5302
1.4988,3.6094
0.4494,-0.4041
-2.7956,-8.2029
0.8927,1.9126
3.0943,6.5127
-4.935,-13.5196
3.0582,6.6944
1.9814,3.3329
-1.5975,-4.8838
-3.4452,-10.2178
4.5721,10.8728
-1.6341,-5.0837
-4.0725,-10.0395
-4.0328,-10.9416
3.4749,8.3701
1.0373,0.9416
3.0713,6.6172
2.2973,4.9048
0.3623,0.7786
4.7312,9.9875
-1.2147,-3.5414
0.5204,0.5967
3.294,8.0018
1.1852,2.3192
3.6171,8.0688
0.7735,0.6729
2.0457,3.4902
-4.5418,-12.2568
-2.721,-7.8983
-2.1061,-5.2551
-4.2021,-11.8108
-2.6721,-7.5201
-3.99,-11.7595
-2.2203,-6.7485
1.3568,2.5226
-1.3517,-3.9673
-1.2982,-3.5214
-2.9049,-8.2843
-2.3302,-7.3841
4.3665,10.1452
1.4804,2.9595
1.0913,1.9741
-3.2886,-9.5716
2.2913,5.2949
-3.366,-9.3711
-1.2054,-3.6636
4.8952,11.875
1.4,2.8046
0.5695,0.567
1.8461,4.6916
3.4285,7.6931
2.76,5.752
-2.7095,-7.7178
-4.679,-11.9561
-1.8455,-5.5544
-2.3226,-6.5468
-2.8902,-7.6276
4.4291,9.8163
3.7637,7.546
-1.8532,-5.4833
1.5544,3.0009
-1.0437,-3.9133
4.1455,9.7993
-0.4115,-1.725
-2.3512,-7.3755
-2.5337,-7.0751
0.6137,0.4362
-2.3726,-7.673
0.8459,1.3412
3.9782,8.9229
-1.006,-3.8876
-2.8068,-7.7555
4.9754,11.6825
0.0953,-1.0505
-4.0909,-11.0271
-4.5288,-11.8145
-3.9035,-11.1151
1.2745,2.3767
2.9208,6.3034
-0.7784,-1.813
-4.3647,-12.8429
-1.1838,-3.6119
4.9612,11.2499
0.2911,-0.3223
4.7108,11.7278
3.6078,8.0152
