hours_studied,passed
3.24,0
6.51,1
5.36,1
0.58,0
0.37,0
0.7,0
4.25,0
1.24,0
6.27,0
5.77,1
9.76,1
8.58,1
1.44,0
3.08,0
1.81,0
6.39,1
5.48,1
0.6,0
6.8,1
3.14,0
4.53,1
7.94,1
2.44,0
5.25,0
7.29,1
9.8,1
4.18,0
1.52,0
0.39,0
7.65,1
8.75,1
6.95,1
5.8,1
8.4,1
4.74,0
0.61,0
6.47,0
8.22,1
3.86,0
0.23,0
1.68,0
0.59,0
1.29,0
3.91,0
0.81,0
5.49,0
8.19,1
2.78,0
3.59,0
9.58,1
1.76,0
2.33,0
5.89,1
0.04,0
3.69,0
9.53,1
5.15,0
6.76,1
9.0,1
8.75,1
3.92,0
1.04,0
0.62,0
2.09,0
3.4,1
0.0,0
1.01,0
0.26,0
6.14,1
2.52,0
3.64,1
8.49,0
4.66,0
0.86,0
3.43,0
8.29,1
0.23,0
5.28,1
5.43,1
5.28,0
